Name,Price,Mrp,Reviews,Rating,Link
"OnePlus Nord CE4 Lite 5G (Super Silver, 8GB RAM, 128GB Storage) | Lifetime Display Warranty | 5500 mAh Battery, 80W SUPERVOOC and Reverse Charging | 50MP Camera with OIS | 120Hz AMOLED Display",17997,20999,"6,915",4.1 out of 5 stars,https://www.amazon.in/OnePlus-Super-Silver-128GB-Storage/dp/B0D5YCYS1G/ref=sr_1_3?dib=eyJ2IjoiMSJ9.Higc9JMQg4Bm3CYS7kXutGxbr_hEPjRi06cThRNihKE7UntGtoTPKFHNFnBb6TcAKsWni9h0laCc7rgwGxzw7eh13jWt_8I64CRkFMeeYTZXK4G3zQXzXpJR3sqB257-XaI-aW_nM-mriuCpe_MzO4XdkGv6q2ceRo_4td3l1itdP0nDdcLFRCoIaSKmEp1t9hQ5MfKo7yctovrBtXKzXZ68cIByed3M2VkENO8F1tA.VqIXGJrZl1-lZyQPmgqDBLyHqbE-RVUz0lPI0qh5V-s&dib_tag=se&keywords=mobile+phone+under+20000&qid=1750315571&sr=8-3
"Samsung Galaxy M35 5G (Daybreak Blue,6GB RAM,128GB Storage)| Corning Gorilla Glass Victus+| AnTuTu Score 595K+ | Vapour Cooling Chamber | 6000mAh Battery | 120Hz Super AMOLED Display| Without Charger",16999,24499,"10,520",4.1 out of 5 stars,https://www.amazon.in/Samsung-Daybreak-Storage-Corning-Gorilla/dp/B0D8123CLN/ref=sr_1_4?dib=eyJ2IjoiMSJ9.Higc9JMQg4Bm3CYS7kXutGxbr_hEPjRi06cThRNihKE7UntGtoTPKFHNFnBb6TcAKsWni9h0laCc7rgwGxzw7eh13jWt_8I64CRkFMeeYTZXK4G3zQXzXpJR3sqB257-XaI-aW_nM-mriuCpe_MzO4XdkGv6q2ceRo_4td3l1itdP0nDdcLFRCoIaSKmEp1t9hQ5MfKo7yctovrBtXKzXZ68cIByed3M2VkENO8F1tA.VqIXGJrZl1-lZyQPmgqDBLyHqbE-RVUz0lPI0qh5V-s&dib_tag=se&keywords=mobile+phone+under+20000&qid=1750315571&sr=8-4
"Samsung Galaxy M35 5G (Daybreak Blue,8GB RAM,128GB Storage)| Corning Gorilla Glass Victus+| AnTuTu Score 595K+ | Vapour Cooling Chamber | 6000mAh Battery | 120Hz Super AMOLED Display| Without Charger",18499,25999,"10,520",4.1 out of 5 stars,https://www.amazon.in/Samsung-Daybreak-Storage-Corning-Gorilla/dp/B0D7Z8FJZ9/ref=sr_1_5?dib=eyJ2IjoiMSJ9.Higc9JMQg4Bm3CYS7kXutGxbr_hEPjRi06cThRNihKE7UntGtoTPKFHNFnBb6TcAKsWni9h0laCc7rgwGxzw7eh13jWt_8I64CRkFMeeYTZXK4G3zQXzXpJR3sqB257-XaI-aW_nM-mriuCpe_MzO4XdkGv6q2ceRo_4td3l1itdP0nDdcLFRCoIaSKmEp1t9hQ5MfKo7yctovrBtXKzXZ68cIByed3M2VkENO8F1tA.VqIXGJrZl1-lZyQPmgqDBLyHqbE-RVUz0lPI0qh5V-s&dib_tag=se&keywords=mobile+phone+under+20000&qid=1750315571&sr=8-5
"Samsung Galaxy M35 5G (Moonlight Blue,6GB RAM,128GB Storage)| Corning Gorilla Glass Victus+| AnTuTu Score 595K+ | Vapour Cooling Chamber | 6000mAh Battery | 120Hz Super AMOLED Display| Without Charger",16999,24499,"10,520",4.1 out of 5 stars,https://www.amazon.in/Samsung-Moonlight-Storage-Corning-Gorilla/dp/B0D8134JH8/ref=sr_1_6?dib=eyJ2IjoiMSJ9.Higc9JMQg4Bm3CYS7kXutGxbr_hEPjRi06cThRNihKE7UntGtoTPKFHNFnBb6TcAKsWni9h0laCc7rgwGxzw7eh13jWt_8I64CRkFMeeYTZXK4G3zQXzXpJR3sqB257-XaI-aW_nM-mriuCpe_MzO4XdkGv6q2ceRo_4td3l1itdP0nDdcLFRCoIaSKmEp1t9hQ5MfKo7yctovrBtXKzXZ68cIByed3M2VkENO8F1tA.VqIXGJrZl1-lZyQPmgqDBLyHqbE-RVUz0lPI0qh5V-s&dib_tag=se&keywords=mobile+phone+under+20000&qid=1750315571&sr=8-6
"Samsung Galaxy M16 5G (Mint Green, 8GB RAM, 128 GB Storage) | MediaTek Dimensity 6300 | AnTuTu Score 422K+ | Super Amoled Display | 25W Fast Charging | 6 Gen. of OS Upgrades | Without Charger",14499,18999,903,3.8 out of 5 stars,https://www.amazon.in/Samsung-MediaTek-Dimensity-Charging-Upgrades/dp/B0DX6NWSRL/ref=sr_1_7?dib=eyJ2IjoiMSJ9.Higc9JMQg4Bm3CYS7kXutGxbr_hEPjRi06cThRNihKE7UntGtoTPKFHNFnBb6TcAKsWni9h0laCc7rgwGxzw7eh13jWt_8I64CRkFMeeYTZXK4G3zQXzXpJR3sqB257-XaI-aW_nM-mriuCpe_MzO4XdkGv6q2ceRo_4td3l1itdP0nDdcLFRCoIaSKmEp1t9hQ5MfKo7yctovrBtXKzXZ68cIByed3M2VkENO8F1tA.VqIXGJrZl1-lZyQPmgqDBLyHqbE-RVUz0lPI0qh5V-s&dib_tag=se&keywords=mobile+phone+under+20000&qid=1750315571&sr=8-7
"realme NARZO 70 Turbo 5G (Turbo Green,12GB RAM, 256GB Storage) | Dimensity 7300 Energy 5G Chipset is Fastest chipset in This Segment | Motorsports Inspired Design",16999,23999,"3,492",4.2 out of 5 stars,https://www.amazon.in/realme-Storage-Dimensity-Motorsports-Inspired/dp/B0DDTZZG2X/ref=sr_1_8?dib=eyJ2IjoiMSJ9.Higc9JMQg4Bm3CYS7kXutGxbr_hEPjRi06cThRNihKE7UntGtoTPKFHNFnBb6TcAKsWni9h0laCc7rgwGxzw7eh13jWt_8I64CRkFMeeYTZXK4G3zQXzXpJR3sqB257-XaI-aW_nM-mriuCpe_MzO4XdkGv6q2ceRo_4td3l1itdP0nDdcLFRCoIaSKmEp1t9hQ5MfKo7yctovrBtXKzXZ68cIByed3M2VkENO8F1tA.VqIXGJrZl1-lZyQPmgqDBLyHqbE-RVUz0lPI0qh5V-s&dib_tag=se&keywords=mobile+phone+under+20000&qid=1750315571&sr=8-8
"Samsung Galaxy M05 (Mint Green, 4GB RAM, 64 GB Storage) | 50MP Dual Camera | Bigger 6.7"" HD+ Display | 5000mAh Battery | 25W Fast Charging | 2 Gen OS Upgrade & 4 Year Security Update | Without Charger",6499,9999,"3,946",4.0 out of 5 stars,https://www.amazon.in/Samsung-Storage-Display-Charging-Security/dp/B0DFY3XCB6/ref=sr_1_9?dib=eyJ2IjoiMSJ9.Higc9JMQg4Bm3CYS7kXutGxbr_hEPjRi06cThRNihKE7UntGtoTPKFHNFnBb6TcAKsWni9h0laCc7rgwGxzw7eh13jWt_8I64CRkFMeeYTZXK4G3zQXzXpJR3sqB257-XaI-aW_nM-mriuCpe_MzO4XdkGv6q2ceRo_4td3l1itdP0nDdcLFRCoIaSKmEp1t9hQ5MfKo7yctovrBtXKzXZ68cIByed3M2VkENO8F1tA.VqIXGJrZl1-lZyQPmgqDBLyHqbE-RVUz0lPI0qh5V-s&dib_tag=se&keywords=mobile+phone+under+20000&qid=1750315571&sr=8-9
"Samsung Galaxy M06 5G (Sage Green, 6GB RAM, 128 GB Storage) | MediaTek Dimensity 6300 | AnTuTu Score 422K+ | 12 5G Bands| 25W Fast Charging | 4 Gen. of OS Upgrades | Without Charger",10499,15499,"1,016",3.8 out of 5 stars,https://www.amazon.in/Samsung-MediaTek-Dimensity-Charging-Upgrades/dp/B0DX655V11/ref=sr_1_10?dib=eyJ2IjoiMSJ9.Higc9JMQg4Bm3CYS7kXutGxbr_hEPjRi06cThRNihKE7UntGtoTPKFHNFnBb6TcAKsWni9h0laCc7rgwGxzw7eh13jWt_8I64CRkFMeeYTZXK4G3zQXzXpJR3sqB257-XaI-aW_nM-mriuCpe_MzO4XdkGv6q2ceRo_4td3l1itdP0nDdcLFRCoIaSKmEp1t9hQ5MfKo7yctovrBtXKzXZ68cIByed3M2VkENO8F1tA.VqIXGJrZl1-lZyQPmgqDBLyHqbE-RVUz0lPI0qh5V-s&dib_tag=se&keywords=mobile+phone+under+20000&qid=1750315571&sr=8-10
"Lava Agni 3 5G (Heather Glass, 8GB+128GB) | India's 1st Dual AMOLED | Dimensity 7300X | 50MP Triple AI Camera | 66W Fast Charge,5000 mAh Battery | Clean UI | Free Replacement @ Home | Without Charger",16999,25499,808,4.2 out of 5 stars,https://www.amazon.in/sspa/click?ie=UTF8&spc=MTo4MDg1NjA4OTUyNDQwODY6MTc1MDMxNTU3MTpzcF9tdGY6MzAwNTYwMzE1OTA2NjMyOjowOjo&url=%2FLava-Agni-Glass-Dimensity-Replacement%2Fdp%2FB0DGQLS3RW%2Fref%3Dsr_1_11_sspa%3Fdib%3DeyJ2IjoiMSJ9.Higc9JMQg4Bm3CYS7kXutGxbr_hEPjRi06cThRNihKE7UntGtoTPKFHNFnBb6TcAKsWni9h0laCc7rgwGxzw7eh13jWt_8I64CRkFMeeYTZXK4G3zQXzXpJR3sqB257-XaI-aW_nM-mriuCpe_MzO4XdkGv6q2ceRo_4td3l1itdP0nDdcLFRCoIaSKmEp1t9hQ5MfKo7yctovrBtXKzXZ68cIByed3M2VkENO8F1tA.VqIXGJrZl1-lZyQPmgqDBLyHqbE-RVUz0lPI0qh5V-s%26dib_tag%3Dse%26keywords%3Dmobile%2Bphone%2Bunder%2B20000%26qid%3D1750315571%26sr%3D8-11-spons%26sp_csd%3Dd2lkZ2V0TmFtZT1zcF9tdGY%26psc%3D1&cr=ZAZ
"Redmi 14C 5G (Stargaze Black, 4GB RAM, 64GB Storage) | Superfast 4nm Snapdragon 4 Gen 2 | 120Hz 17.47cm (6.88”) Display | 5160mAh Battery | 50MP Dual Camera | Premium Starlight Design",9498,12999,789,4.0 out of 5 stars,https://www.amazon.in/sspa/click?ie=UTF8&spc=MTo4MDg1NjA4OTUyNDQwODY6MTc1MDMxNTU3MTpzcF9tdGY6MzAwNDU3NDM2ODg2NjMyOjowOjo&url=%2FRedmi-Stargaze-Superfast-Snapdragon-Starlight%2Fdp%2FB0DS65KZ8B%2Fref%3Dsr_1_12_sspa%3Fdib%3DeyJ2IjoiMSJ9.Higc9JMQg4Bm3CYS7kXutGxbr_hEPjRi06cThRNihKE7UntGtoTPKFHNFnBb6TcAKsWni9h0laCc7rgwGxzw7eh13jWt_8I64CRkFMeeYTZXK4G3zQXzXpJR3sqB257-XaI-aW_nM-mriuCpe_MzO4XdkGv6q2ceRo_4td3l1itdP0nDdcLFRCoIaSKmEp1t9hQ5MfKo7yctovrBtXKzXZ68cIByed3M2VkENO8F1tA.VqIXGJrZl1-lZyQPmgqDBLyHqbE-RVUz0lPI0qh5V-s%26dib_tag%3Dse%26keywords%3Dmobile%2Bphone%2Bunder%2B20000%26qid%3D1750315571%26sr%3D8-12-spons%26sp_csd%3Dd2lkZ2V0TmFtZT1zcF9tdGY%26psc%3D1&cr=ZAZ
"OnePlus Nord CE4 Lite 5G (Ultra Orange 8GB RAM, 128GB Storage) | Lifetime Display Warranty | 5500 mAh Battery, 80W SUPERVOOC and Reverse Charging | 50MP Camera with OIS | 120Hz AMOLED Display",17997,20999,"6,915",4.1 out of 5 stars,https://www.amazon.in/OnePlus-Ultra-Orange-128GB-Storage/dp/B0D5YDJ5QM/ref=sr_1_13?dib=eyJ2IjoiMSJ9.Higc9JMQg4Bm3CYS7kXutGxbr_hEPjRi06cThRNihKE7UntGtoTPKFHNFnBb6TcAKsWni9h0laCc7rgwGxzw7eh13jWt_8I64CRkFMeeYTZXK4G3zQXzXpJR3sqB257-XaI-aW_nM-mriuCpe_MzO4XdkGv6q2ceRo_4td3l1itdP0nDdcLFRCoIaSKmEp1t9hQ5MfKo7yctovrBtXKzXZ68cIByed3M2VkENO8F1tA.VqIXGJrZl1-lZyQPmgqDBLyHqbE-RVUz0lPI0qh5V-s&dib_tag=se&keywords=mobile+phone+under+20000&qid=1750315571&sr=8-13
"Samsung Galaxy M06 5G (Blazing Black, 6GB RAM, 128 GB Storage) | MediaTek Dimensity 6300 | AnTuTu Score 422K+ | 12 5G Bands | 25W Fast Charging | 4 Gen. of OS Upgrades | Without Charger",10499,15499,"1,016",3.8 out of 5 stars,https://www.amazon.in/Samsung-MediaTek-Dimensity-Charging-Upgrades/dp/B0DX5R87P8/ref=sr_1_14?dib=eyJ2IjoiMSJ9.Higc9JMQg4Bm3CYS7kXutGxbr_hEPjRi06cThRNihKE7UntGtoTPKFHNFnBb6TcAKsWni9h0laCc7rgwGxzw7eh13jWt_8I64CRkFMeeYTZXK4G3zQXzXpJR3sqB257-XaI-aW_nM-mriuCpe_MzO4XdkGv6q2ceRo_4td3l1itdP0nDdcLFRCoIaSKmEp1t9hQ5MfKo7yctovrBtXKzXZ68cIByed3M2VkENO8F1tA.VqIXGJrZl1-lZyQPmgqDBLyHqbE-RVUz0lPI0qh5V-s&dib_tag=se&keywords=mobile+phone+under+20000&qid=1750315571&sr=8-14
"Vivo Y39 5G (Lotus Purple, 8GB RAM, 256GB Storage) with No Cost EMI/Additional Exchange Offers",18999,23999,53,4.0 out of 5 stars,https://www.amazon.in/Purple-Storage-Additional-Exchange-Offers/dp/B0DZCG3BBS/ref=sr_1_15?dib=eyJ2IjoiMSJ9.Higc9JMQg4Bm3CYS7kXutGxbr_hEPjRi06cThRNihKE7UntGtoTPKFHNFnBb6TcAKsWni9h0laCc7rgwGxzw7eh13jWt_8I64CRkFMeeYTZXK4G3zQXzXpJR3sqB257-XaI-aW_nM-mriuCpe_MzO4XdkGv6q2ceRo_4td3l1itdP0nDdcLFRCoIaSKmEp1t9hQ5MfKo7yctovrBtXKzXZ68cIByed3M2VkENO8F1tA.VqIXGJrZl1-lZyQPmgqDBLyHqbE-RVUz0lPI0qh5V-s&dib_tag=se&keywords=mobile+phone+under+20000&qid=1750315571&sr=8-15
"Redmi 13 5G, Hawaiian Blue, 6GB+128GB | India Debut SD 4 Gen 2 AE | 108MP Pro Grade Camera | 6.79in Largest Display in Segment",12499,17999,"4,950",4.0 out of 5 stars,https://www.amazon.in/Redmi-Hawaiian-Largest-Display-Segment/dp/B0D78WCNZZ/ref=sr_1_16?dib=eyJ2IjoiMSJ9.Higc9JMQg4Bm3CYS7kXutGxbr_hEPjRi06cThRNihKE7UntGtoTPKFHNFnBb6TcAKsWni9h0laCc7rgwGxzw7eh13jWt_8I64CRkFMeeYTZXK4G3zQXzXpJR3sqB257-XaI-aW_nM-mriuCpe_MzO4XdkGv6q2ceRo_4td3l1itdP0nDdcLFRCoIaSKmEp1t9hQ5MfKo7yctovrBtXKzXZ68cIByed3M2VkENO8F1tA.VqIXGJrZl1-lZyQPmgqDBLyHqbE-RVUz0lPI0qh5V-s&dib_tag=se&keywords=mobile+phone+under+20000&qid=1750315571&sr=8-16
"Motorola Edge 50 Fusion 5G (Forest Blue, 8GB RAM, 128GB Storage)",18835,25999,199,4.2 out of 5 stars,https://www.amazon.in/Motorola-Fusion-Forest-128GB-Storage/dp/B0D4JLFTJX/ref=sr_1_17?dib=eyJ2IjoiMSJ9.Higc9JMQg4Bm3CYS7kXutGxbr_hEPjRi06cThRNihKE7UntGtoTPKFHNFnBb6TcAKsWni9h0laCc7rgwGxzw7eh13jWt_8I64CRkFMeeYTZXK4G3zQXzXpJR3sqB257-XaI-aW_nM-mriuCpe_MzO4XdkGv6q2ceRo_4td3l1itdP0nDdcLFRCoIaSKmEp1t9hQ5MfKo7yctovrBtXKzXZ68cIByed3M2VkENO8F1tA.VqIXGJrZl1-lZyQPmgqDBLyHqbE-RVUz0lPI0qh5V-s&dib_tag=se&keywords=mobile+phone+under+20000&qid=1750315571&sr=8-17
"realme NARZO 70 Turbo 5G (Turbo Green, 8GB RAM,128GB Storage) | Segment's Fastest Dimensity 7300 Energy 5G Chipset | Motorsports Inspired Design",13998,20999,"3,492",4.2 out of 5 stars,https://www.amazon.in/realme-Segments-Dimensity-Motorsports-Inspired/dp/B0DDTZT8BY/ref=sr_1_18?dib=eyJ2IjoiMSJ9.Higc9JMQg4Bm3CYS7kXutGxbr_hEPjRi06cThRNihKE7UntGtoTPKFHNFnBb6TcAKsWni9h0laCc7rgwGxzw7eh13jWt_8I64CRkFMeeYTZXK4G3zQXzXpJR3sqB257-XaI-aW_nM-mriuCpe_MzO4XdkGv6q2ceRo_4td3l1itdP0nDdcLFRCoIaSKmEp1t9hQ5MfKo7yctovrBtXKzXZ68cIByed3M2VkENO8F1tA.VqIXGJrZl1-lZyQPmgqDBLyHqbE-RVUz0lPI0qh5V-s&dib_tag=se&keywords=mobile+phone+under+20000&qid=1750315571&sr=8-18
"iQOO Z10x 5G (Titanium, 8GB RAM, 256GB Storage) | 6500 mAh Large Capacity Battery | Dimensity 7300 Processor | Military-Grade Durability",16498,20499,"1,203",4.3 out of 5 stars,https://www.amazon.in/iQOO-Dimensity-Processor-Military-Grade-Durability/dp/B0F2T5RBCW/ref=sr_1_19?dib=eyJ2IjoiMSJ9.Higc9JMQg4Bm3CYS7kXutGxbr_hEPjRi06cThRNihKE7UntGtoTPKFHNFnBb6TcAKsWni9h0laCc7rgwGxzw7eh13jWt_8I64CRkFMeeYTZXK4G3zQXzXpJR3sqB257-XaI-aW_nM-mriuCpe_MzO4XdkGv6q2ceRo_4td3l1itdP0nDdcLFRCoIaSKmEp1t9hQ5MfKo7yctovrBtXKzXZ68cIByed3M2VkENO8F1tA.VqIXGJrZl1-lZyQPmgqDBLyHqbE-RVUz0lPI0qh5V-s&dib_tag=se&keywords=mobile+phone+under+20000&qid=1750315571&sr=8-19
"Samsung Galaxy M35 5G (Moonlight Blue,8GB RAM,128GB Storage)| Corning Gorilla Glass Victus+| AnTuTu Score 595K+ | Vapour Cooling Chamber | 6000mAh Battery | 120Hz Super AMOLED Display| Without Charger",18499,25999,"10,520",4.1 out of 5 stars,https://www.amazon.in/Samsung-Moonlight-Storage-Corning-Gorilla/dp/B0D813HQFN/ref=sr_1_20?dib=eyJ2IjoiMSJ9.Higc9JMQg4Bm3CYS7kXutGxbr_hEPjRi06cThRNihKE7UntGtoTPKFHNFnBb6TcAKsWni9h0laCc7rgwGxzw7eh13jWt_8I64CRkFMeeYTZXK4G3zQXzXpJR3sqB257-XaI-aW_nM-mriuCpe_MzO4XdkGv6q2ceRo_4td3l1itdP0nDdcLFRCoIaSKmEp1t9hQ5MfKo7yctovrBtXKzXZ68cIByed3M2VkENO8F1tA.VqIXGJrZl1-lZyQPmgqDBLyHqbE-RVUz0lPI0qh5V-s&dib_tag=se&keywords=mobile+phone+under+20000&qid=1750315571&sr=8-20
"Samsung Galaxy M16 5G (Mint Green, 8GB RAM, 128 GB Storage) | MediaTek Dimensity 6300 | AnTuTu Score 422K+ | Super Amoled Display | 25W Fast Charging | 6 Gen. of OS Upgrades | Without Charger",14499,18999,903,3.8 out of 5 stars,https://www.amazon.in/sspa/click?ie=UTF8&spc=MTo4MDg1NjA4OTUyNDQwODY6MTc1MDMxNTU3MTpzcF9idGY6MzAwNDk3MjA5NDQ0MDMyOjowOjo&url=%2FSamsung-MediaTek-Dimensity-Charging-Upgrades%2Fdp%2FB0DX6NWSRL%2Fref%3Dsr_1_22_sspa%3Fdib%3DeyJ2IjoiMSJ9.Higc9JMQg4Bm3CYS7kXutGxbr_hEPjRi06cThRNihKE7UntGtoTPKFHNFnBb6TcAKsWni9h0laCc7rgwGxzw7eh13jWt_8I64CRkFMeeYTZXK4G3zQXzXpJR3sqB257-XaI-aW_nM-mriuCpe_MzO4XdkGv6q2ceRo_4td3l1itdP0nDdcLFRCoIaSKmEp1t9hQ5MfKo7yctovrBtXKzXZ68cIByed3M2VkENO8F1tA.VqIXGJrZl1-lZyQPmgqDBLyHqbE-RVUz0lPI0qh5V-s%26dib_tag%3Dse%26keywords%3Dmobile%2Bphone%2Bunder%2B20000%26qid%3D1750315571%26sr%3D8-22-spons%26sp_csd%3Dd2lkZ2V0TmFtZT1zcF9idGY%26psc%3D1&cr=ZAZ
"Acer Super ZX 5G (Cosmic Green, 6GB RAM, 128GB Storage) | 120 Hz FHD+ Display | 5000 mAh Ultra-Thin Battery | Dimensity 6300 5G Processor | Sony 64MP AI Camera",10999,18999,50,2.7 out of 5 stars,https://www.amazon.in/sspa/click?ie=UTF8&spc=MTo0MjAyOTg4ODAzNjk2MTk0OjE3NTAzMTU2ODg6c3BfYXRmX25leHQ6MzAwNTc4OTQ0NzU5NjMyOjowOjo&url=%2FStorage-Display-Ultra-Thin-Dimensity-Processor%2Fdp%2FB0F4DJSLJL%2Fref%3Dsr_1_17_sspa%3Fdib%3DeyJ2IjoiMSJ9._L2-XbrDiQVb0mQ1-hCqD3S04S9wHukvEZpF_nkGFpsNdx_pCf0bIetn7SYxjtIITwFyXKe61baCIh72rStYskJfsPteBzkBq-KwCTFZ31eTLke5ndyuTwAqvIHQsKxAvLT6DgTAuz0BA8xa6Bv4zLriWMnjh0LmiE_Ql5q8W1Ilm06K8acFzroYQvmpsYMPfjsGbSx4FGw82WeWkRY_wMiPLxTpqudjc516bbBVltw.iMFHKIUuB45eoPMoalHgHW6QhyHZYetmu3SSogt-5mQ%26dib_tag%3Dse%26keywords%3Dmobile%2Bphone%2Bunder%2B20000%26qid%3D1750315688%26sr%3D8-17-spons%26sp_csd%3Dd2lkZ2V0TmFtZT1zcF9hdGZfbmV4dA%26psc%3D1
"Lava Agni 3 5G (Heather Glass, 8GB+128GB) | India's 1st Dual AMOLED | Dimensity 7300X | 50MP Triple AI Camera | 66W Fast Charge,5000 mAh Battery | Clean UI | Free Replacement @ Home | Without Charger",16999,25499,808,4.2 out of 5 stars,https://www.amazon.in/sspa/click?ie=UTF8&spc=MTo0MjAyOTg4ODAzNjk2MTk0OjE3NTAzMTU2ODg6c3BfYXRmX25leHQ6MzAwNTYwMzE1OTA2NjMyOjowOjo&url=%2FLava-Agni-Glass-Dimensity-Replacement%2Fdp%2FB0DGQLS3RW%2Fref%3Dsr_1_18_sspa%3Fdib%3DeyJ2IjoiMSJ9._L2-XbrDiQVb0mQ1-hCqD3S04S9wHukvEZpF_nkGFpsNdx_pCf0bIetn7SYxjtIITwFyXKe61baCIh72rStYskJfsPteBzkBq-KwCTFZ31eTLke5ndyuTwAqvIHQsKxAvLT6DgTAuz0BA8xa6Bv4zLriWMnjh0LmiE_Ql5q8W1Ilm06K8acFzroYQvmpsYMPfjsGbSx4FGw82WeWkRY_wMiPLxTpqudjc516bbBVltw.iMFHKIUuB45eoPMoalHgHW6QhyHZYetmu3SSogt-5mQ%26dib_tag%3Dse%26keywords%3Dmobile%2Bphone%2Bunder%2B20000%26qid%3D1750315688%26sr%3D8-18-spons%26sp_csd%3Dd2lkZ2V0TmFtZT1zcF9hdGZfbmV4dA%26psc%3D1
"Samsung Galaxy M35 5G (Moonlight Blue,8GB RAM,128GB Storage)| Corning Gorilla Glass Victus+| AnTuTu Score 595K+ | Vapour Cooling Chamber | 6000mAh Battery | 120Hz Super AMOLED Display| Without Charger",18499,25999,"10,520",4.1 out of 5 stars,https://www.amazon.in/Samsung-Moonlight-Storage-Corning-Gorilla/dp/B0D813HQFN/ref=sr_1_19?dib=eyJ2IjoiMSJ9._L2-XbrDiQVb0mQ1-hCqD3S04S9wHukvEZpF_nkGFpsNdx_pCf0bIetn7SYxjtIITwFyXKe61baCIh72rStYskJfsPteBzkBq-KwCTFZ31eTLke5ndyuTwAqvIHQsKxAvLT6DgTAuz0BA8xa6Bv4zLriWMnjh0LmiE_Ql5q8W1Ilm06K8acFzroYQvmpsYMPfjsGbSx4FGw82WeWkRY_wMiPLxTpqudjc516bbBVltw.iMFHKIUuB45eoPMoalHgHW6QhyHZYetmu3SSogt-5mQ&dib_tag=se&keywords=mobile+phone+under+20000&qid=1750315688&sr=8-19
"Redmi 13 5G, Hawaiian Blue, 8GB+128GB | India Debut SD 4 Gen 2 AE | 108MP Pro Grade Camera | 6.79in Largest Display in Segment",13999,19999,"4,950",4.0 out of 5 stars,https://www.amazon.in/Redmi-Hawaiian-Largest-Display-Segment/dp/B0D78X544X/ref=sr_1_20?dib=eyJ2IjoiMSJ9._L2-XbrDiQVb0mQ1-hCqD3S04S9wHukvEZpF_nkGFpsNdx_pCf0bIetn7SYxjtIITwFyXKe61baCIh72rStYskJfsPteBzkBq-KwCTFZ31eTLke5ndyuTwAqvIHQsKxAvLT6DgTAuz0BA8xa6Bv4zLriWMnjh0LmiE_Ql5q8W1Ilm06K8acFzroYQvmpsYMPfjsGbSx4FGw82WeWkRY_wMiPLxTpqudjc516bbBVltw.iMFHKIUuB45eoPMoalHgHW6QhyHZYetmu3SSogt-5mQ&dib_tag=se&keywords=mobile+phone+under+20000&qid=1750315688&sr=8-20
"iQOO Z9s 5G (Titanium Matte, 8GB RAM, 128GB Storage) | 120 Hz 3D Curved AMOLED Display | 5500 mAh Ultra-Thin Battery | Dimesity 7300 5G Processor | Sony IMX882 OIS Camera with Aura Light",18998,25999,"5,089",4.3 out of 5 stars,https://www.amazon.in/iQOO-Titanium-Ultra-Thin-Dimesity-Processor/dp/B07WHS99FG/ref=sr_1_21?dib=eyJ2IjoiMSJ9._L2-XbrDiQVb0mQ1-hCqD3S04S9wHukvEZpF_nkGFpsNdx_pCf0bIetn7SYxjtIITwFyXKe61baCIh72rStYskJfsPteBzkBq-KwCTFZ31eTLke5ndyuTwAqvIHQsKxAvLT6DgTAuz0BA8xa6Bv4zLriWMnjh0LmiE_Ql5q8W1Ilm06K8acFzroYQvmpsYMPfjsGbSx4FGw82WeWkRY_wMiPLxTpqudjc516bbBVltw.iMFHKIUuB45eoPMoalHgHW6QhyHZYetmu3SSogt-5mQ&dib_tag=se&keywords=mobile+phone+under+20000&qid=1750315688&sr=8-21
"Motorola G45 5G (Viva Magenta, 8GB RAM, 128GB Storage)",11792,14999,329,4.0 out of 5 stars,https://www.amazon.in/Motorola-Viva-Magenta-128GB-Storage/dp/B0DDY9XDJS/ref=sr_1_22?dib=eyJ2IjoiMSJ9._L2-XbrDiQVb0mQ1-hCqD3S04S9wHukvEZpF_nkGFpsNdx_pCf0bIetn7SYxjtIITwFyXKe61baCIh72rStYskJfsPteBzkBq-KwCTFZ31eTLke5ndyuTwAqvIHQsKxAvLT6DgTAuz0BA8xa6Bv4zLriWMnjh0LmiE_Ql5q8W1Ilm06K8acFzroYQvmpsYMPfjsGbSx4FGw82WeWkRY_wMiPLxTpqudjc516bbBVltw.iMFHKIUuB45eoPMoalHgHW6QhyHZYetmu3SSogt-5mQ&dib_tag=se&keywords=mobile+phone+under+20000&qid=1750315688&sr=8-22
"OnePlus Nord CE4 Lite 5G (Mega Blue, 8GB RAM, 128GB Storage)",17997,20999,"6,915",4.1 out of 5 stars,https://www.amazon.in/OnePlus-Nord-Lite-128GB-Storage/dp/B0D5YFZ946/ref=sr_1_23?dib=eyJ2IjoiMSJ9._L2-XbrDiQVb0mQ1-hCqD3S04S9wHukvEZpF_nkGFpsNdx_pCf0bIetn7SYxjtIITwFyXKe61baCIh72rStYskJfsPteBzkBq-KwCTFZ31eTLke5ndyuTwAqvIHQsKxAvLT6DgTAuz0BA8xa6Bv4zLriWMnjh0LmiE_Ql5q8W1Ilm06K8acFzroYQvmpsYMPfjsGbSx4FGw82WeWkRY_wMiPLxTpqudjc516bbBVltw.iMFHKIUuB45eoPMoalHgHW6QhyHZYetmu3SSogt-5mQ&dib_tag=se&keywords=mobile+phone+under+20000&qid=1750315688&sr=8-23
"Redmi A4 5G (Starry Black, 4GB RAM, 128GB Storage) | Global Debut SD 4s Gen 2 | Segment Largest 6.88in 120Hz | 50MP Dual Camera | 18W Fast Charging",9498,11999,"3,668",3.9 out of 5 stars,https://www.amazon.in/Redmi-A4-5G-Storage-Charging/dp/B0DLW4QD72/ref=sr_1_24?dib=eyJ2IjoiMSJ9._L2-XbrDiQVb0mQ1-hCqD3S04S9wHukvEZpF_nkGFpsNdx_pCf0bIetn7SYxjtIITwFyXKe61baCIh72rStYskJfsPteBzkBq-KwCTFZ31eTLke5ndyuTwAqvIHQsKxAvLT6DgTAuz0BA8xa6Bv4zLriWMnjh0LmiE_Ql5q8W1Ilm06K8acFzroYQvmpsYMPfjsGbSx4FGw82WeWkRY_wMiPLxTpqudjc516bbBVltw.iMFHKIUuB45eoPMoalHgHW6QhyHZYetmu3SSogt-5mQ&dib_tag=se&keywords=mobile+phone+under+20000&qid=1750315688&sr=8-24
"realme NARZO N61 (Voyage Blue,6GB RAM+128GB Storage) 90Hz Eye Comfort Display | IP54 Dust & Water Resistance | 48-Month Fluency | Charger in The Box",8499,10999,"3,419",4.0 out of 5 stars,https://www.amazon.in/realme-Storage-Comfort-Resistance-48-Month/dp/B0D947DTLT/ref=sr_1_25?dib=eyJ2IjoiMSJ9._L2-XbrDiQVb0mQ1-hCqD3S04S9wHukvEZpF_nkGFpsNdx_pCf0bIetn7SYxjtIITwFyXKe61baCIh72rStYskJfsPteBzkBq-KwCTFZ31eTLke5ndyuTwAqvIHQsKxAvLT6DgTAuz0BA8xa6Bv4zLriWMnjh0LmiE_Ql5q8W1Ilm06K8acFzroYQvmpsYMPfjsGbSx4FGw82WeWkRY_wMiPLxTpqudjc516bbBVltw.iMFHKIUuB45eoPMoalHgHW6QhyHZYetmu3SSogt-5mQ&dib_tag=se&keywords=mobile+phone+under+20000&qid=1750315688&sr=8-25
"realme P1 Speed 5G (Textured Titanium, 256 GB) (12 GB RAM)",16337,22999,23,4.0 out of 5 stars,https://www.amazon.in/realme-Speed-Textured-Titanium-256/dp/B0DK6829WV/ref=sr_1_26?dib=eyJ2IjoiMSJ9._L2-XbrDiQVb0mQ1-hCqD3S04S9wHukvEZpF_nkGFpsNdx_pCf0bIetn7SYxjtIITwFyXKe61baCIh72rStYskJfsPteBzkBq-KwCTFZ31eTLke5ndyuTwAqvIHQsKxAvLT6DgTAuz0BA8xa6Bv4zLriWMnjh0LmiE_Ql5q8W1Ilm06K8acFzroYQvmpsYMPfjsGbSx4FGw82WeWkRY_wMiPLxTpqudjc516bbBVltw.iMFHKIUuB45eoPMoalHgHW6QhyHZYetmu3SSogt-5mQ&dib_tag=se&keywords=mobile+phone+under+20000&qid=1750315688&sr=8-26
"Redmi Note 14 5G (Titan Black, 8GB RAM 256GB Storage) | Global Debut MTK Dimensity 7025 Ultra | 2100 nits Segment Brightest 120Hz AMOLED | 50MP Sony LYT 600 OIS+EIS Triple Camera",19999,24999,922,3.8 out of 5 stars,https://www.amazon.in/sspa/click?ie=UTF8&spc=MTo0MjAyOTg4ODAzNjk2MTk0OjE3NTAzMTU2ODg6c3BfbXRmOjMwMDQzNDkwNTkyMzYzMjo6MDo6&url=%2FRedmi-Note-14-5G-Dimensity%2Fdp%2FB0DPFVDFT3%2Fref%3Dsr_1_27_sspa%3Fdib%3DeyJ2IjoiMSJ9._L2-XbrDiQVb0mQ1-hCqD3S04S9wHukvEZpF_nkGFpsNdx_pCf0bIetn7SYxjtIITwFyXKe61baCIh72rStYskJfsPteBzkBq-KwCTFZ31eTLke5ndyuTwAqvIHQsKxAvLT6DgTAuz0BA8xa6Bv4zLriWMnjh0LmiE_Ql5q8W1Ilm06K8acFzroYQvmpsYMPfjsGbSx4FGw82WeWkRY_wMiPLxTpqudjc516bbBVltw.iMFHKIUuB45eoPMoalHgHW6QhyHZYetmu3SSogt-5mQ%26dib_tag%3Dse%26keywords%3Dmobile%2Bphone%2Bunder%2B20000%26qid%3D1750315688%26sr%3D8-27-spons%26sp_csd%3Dd2lkZ2V0TmFtZT1zcF9tdGY%26psc%3D1
"OPPO A5 Pro 5G (Mocha Brown, 8GB RAM, 256GB Storage)|6.67” HD+ 120Hz Refresh Rate Screen | 45W SUPERVOOC|with No Cost EMI/Additional Exchange Offers",19999,23999,28,4.2 out of 5 stars,https://www.amazon.in/OPPO-Storage-SUPERVOOC-Additional-Exchange/dp/B0F4KNDV58/ref=sr_1_29?dib=eyJ2IjoiMSJ9._L2-XbrDiQVb0mQ1-hCqD3S04S9wHukvEZpF_nkGFpsNdx_pCf0bIetn7SYxjtIITwFyXKe61baCIh72rStYskJfsPteBzkBq-KwCTFZ31eTLke5ndyuTwAqvIHQsKxAvLT6DgTAuz0BA8xa6Bv4zLriWMnjh0LmiE_Ql5q8W1Ilm06K8acFzroYQvmpsYMPfjsGbSx4FGw82WeWkRY_wMiPLxTpqudjc516bbBVltw.iMFHKIUuB45eoPMoalHgHW6QhyHZYetmu3SSogt-5mQ&dib_tag=se&keywords=mobile+phone+under+20000&qid=1750315688&sr=8-29
"Motorola G45 5G (Brilliant Blue, 8GB RAM, 128GB Storage)",11742,14999,681,4.0 out of 5 stars,https://www.amazon.in/Motorola-Brilliant-Blue-128GB-Storage/dp/B0DDY9HMJG/ref=sr_1_30?dib=eyJ2IjoiMSJ9._L2-XbrDiQVb0mQ1-hCqD3S04S9wHukvEZpF_nkGFpsNdx_pCf0bIetn7SYxjtIITwFyXKe61baCIh72rStYskJfsPteBzkBq-KwCTFZ31eTLke5ndyuTwAqvIHQsKxAvLT6DgTAuz0BA8xa6Bv4zLriWMnjh0LmiE_Ql5q8W1Ilm06K8acFzroYQvmpsYMPfjsGbSx4FGw82WeWkRY_wMiPLxTpqudjc516bbBVltw.iMFHKIUuB45eoPMoalHgHW6QhyHZYetmu3SSogt-5mQ&dib_tag=se&keywords=mobile+phone+under+20000&qid=1750315688&sr=8-30
"Moto G85 5G (256, Olive Green, New)",19490,22999,152,3.9 out of 5 stars,https://www.amazon.in/Moto-G85-256-Olive-Green/dp/B0D9GM982V/ref=sr_1_31?dib=eyJ2IjoiMSJ9._L2-XbrDiQVb0mQ1-hCqD3S04S9wHukvEZpF_nkGFpsNdx_pCf0bIetn7SYxjtIITwFyXKe61baCIh72rStYskJfsPteBzkBq-KwCTFZ31eTLke5ndyuTwAqvIHQsKxAvLT6DgTAuz0BA8xa6Bv4zLriWMnjh0LmiE_Ql5q8W1Ilm06K8acFzroYQvmpsYMPfjsGbSx4FGw82WeWkRY_wMiPLxTpqudjc516bbBVltw.iMFHKIUuB45eoPMoalHgHW6QhyHZYetmu3SSogt-5mQ&dib_tag=se&keywords=mobile+phone+under+20000&qid=1750315688&sr=8-31
"Redmi Note 14 5G (Titan Black, 8GB RAM 256GB Storage) | Global Debut MTK Dimensity 7025 Ultra | 2100 nits Segment Brightest 120Hz AMOLED | 50MP Sony LYT 600 OIS+EIS Triple Camera",19999,24999,922,3.8 out of 5 stars,https://www.amazon.in/Redmi-Note-14-5G-Dimensity/dp/B0DPFVDFT3/ref=sr_1_32?dib=eyJ2IjoiMSJ9._L2-XbrDiQVb0mQ1-hCqD3S04S9wHukvEZpF_nkGFpsNdx_pCf0bIetn7SYxjtIITwFyXKe61baCIh72rStYskJfsPteBzkBq-KwCTFZ31eTLke5ndyuTwAqvIHQsKxAvLT6DgTAuz0BA8xa6Bv4zLriWMnjh0LmiE_Ql5q8W1Ilm06K8acFzroYQvmpsYMPfjsGbSx4FGw82WeWkRY_wMiPLxTpqudjc516bbBVltw.iMFHKIUuB45eoPMoalHgHW6QhyHZYetmu3SSogt-5mQ&dib_tag=se&keywords=mobile+phone+under+20000&qid=1750315688&sr=8-32
"Moto G85 5G 8GB 128GB, Olive Green, New",15941,20999,270,4.0 out of 5 stars,https://www.amazon.in/Moto-G85-128GB-Olive-Green/dp/B0D9GM15RC/ref=sr_1_33?dib=eyJ2IjoiMSJ9._L2-XbrDiQVb0mQ1-hCqD3S04S9wHukvEZpF_nkGFpsNdx_pCf0bIetn7SYxjtIITwFyXKe61baCIh72rStYskJfsPteBzkBq-KwCTFZ31eTLke5ndyuTwAqvIHQsKxAvLT6DgTAuz0BA8xa6Bv4zLriWMnjh0LmiE_Ql5q8W1Ilm06K8acFzroYQvmpsYMPfjsGbSx4FGw82WeWkRY_wMiPLxTpqudjc516bbBVltw.iMFHKIUuB45eoPMoalHgHW6QhyHZYetmu3SSogt-5mQ&dib_tag=se&keywords=mobile+phone+under+20000&qid=1750315688&sr=8-33
"Samsung Galaxy M35 5G (Thunder Grey,8GB RAM,128GB Storage)| Corning Gorilla Glass Victus+| AnTuTu Score 595K+ | Vapour Cooling Chamber | 6000mAh Battery | 120Hz Super AMOLED Display| Without Charger",18499,25999,"10,520",4.1 out of 5 stars,https://www.amazon.in/Samsung-Thunder-Storage-Corning-Gorilla/dp/B0D813539C/ref=sr_1_34?dib=eyJ2IjoiMSJ9._L2-XbrDiQVb0mQ1-hCqD3S04S9wHukvEZpF_nkGFpsNdx_pCf0bIetn7SYxjtIITwFyXKe61baCIh72rStYskJfsPteBzkBq-KwCTFZ31eTLke5ndyuTwAqvIHQsKxAvLT6DgTAuz0BA8xa6Bv4zLriWMnjh0LmiE_Ql5q8W1Ilm06K8acFzroYQvmpsYMPfjsGbSx4FGw82WeWkRY_wMiPLxTpqudjc516bbBVltw.iMFHKIUuB45eoPMoalHgHW6QhyHZYetmu3SSogt-5mQ&dib_tag=se&keywords=mobile+phone+under+20000&qid=1750315688&sr=8-34
"Vivo Y39 5G (Ocean Blue, 8GB RAM, 256GB Storage) with No Cost EMI/Additional Exchange Offers",18999,23999,53,4.0 out of 5 stars,https://www.amazon.in/Ocean-Storage-Additional-Exchange-Offers/dp/B0DZCHJKV1/ref=sr_1_35?dib=eyJ2IjoiMSJ9._L2-XbrDiQVb0mQ1-hCqD3S04S9wHukvEZpF_nkGFpsNdx_pCf0bIetn7SYxjtIITwFyXKe61baCIh72rStYskJfsPteBzkBq-KwCTFZ31eTLke5ndyuTwAqvIHQsKxAvLT6DgTAuz0BA8xa6Bv4zLriWMnjh0LmiE_Ql5q8W1Ilm06K8acFzroYQvmpsYMPfjsGbSx4FGw82WeWkRY_wMiPLxTpqudjc516bbBVltw.iMFHKIUuB45eoPMoalHgHW6QhyHZYetmu3SSogt-5mQ&dib_tag=se&keywords=mobile+phone+under+20000&qid=1750315688&sr=8-35
"Redmi 14C 5G (Starlight Blue, 6GB RAM, 128GB Storage) | Superfast 4nm Snapdragon 4 Gen 2 | 120Hz 17.47cm (6.88”) Display | 5160mAh Battery | 50MP Dual Camera | Premium Starlight Design",11498,14999,789,4.0 out of 5 stars,https://www.amazon.in/sspa/click?ie=UTF8&spc=MTo0MjAyOTg4ODAzNjk2MTk0OjE3NTAzMTU2ODg6c3BfYnRmOjMwMDU3ODMyMzkzNjkzMjo6MDo6&url=%2FRedmi-Starlight-Storage-Superfast-Snapdragon%2Fdp%2FB0DQV9T66N%2Fref%3Dsr_1_37_sspa%3Fdib%3DeyJ2IjoiMSJ9._L2-XbrDiQVb0mQ1-hCqD3S04S9wHukvEZpF_nkGFpsNdx_pCf0bIetn7SYxjtIITwFyXKe61baCIh72rStYskJfsPteBzkBq-KwCTFZ31eTLke5ndyuTwAqvIHQsKxAvLT6DgTAuz0BA8xa6Bv4zLriWMnjh0LmiE_Ql5q8W1Ilm06K8acFzroYQvmpsYMPfjsGbSx4FGw82WeWkRY_wMiPLxTpqudjc516bbBVltw.iMFHKIUuB45eoPMoalHgHW6QhyHZYetmu3SSogt-5mQ%26dib_tag%3Dse%26keywords%3Dmobile%2Bphone%2Bunder%2B20000%26qid%3D1750315688%26sr%3D8-37-spons%26sp_csd%3Dd2lkZ2V0TmFtZT1zcF9idGY%26psc%3D1
